Community Name,"Holds degree or higher, %","Equivalent household income <$600/week, %",,,Locality,2013
Abbotsford (Suburb),71.50300601,24.585126,,,ABBOTSFORD,792500
Aberfeldie (Suburb),57.65943458,23.12390925,,,ABERFELDIE,947500
Aireys Inlet - Fairhaven (Catchment),46.79487179,31.63265306,,,AINTREE,-
Aireys Inlet - Fairhaven (Town),49.79674797,42.15384615,,,AIREYS INLET,664000
Airport West (Catchment),32.0610687,42.16027875,,,AIRPORT WEST,532000
Airport West (Suburb),36.41791045,40.63981043,,,ALBANVALE,313000
Albanvale (Suburb),32.14581607,52.9972752,,,ALBERT PARK,1360000
Albert Park (Suburb),73.47540984,22.31040564,,,ALBION,379000
Albion (Suburb),41.95286195,54.97981157,,,ALEXANDRA,261000
Alexandra (Catchment),31.78233438,51.64744646,,,ALFREDTON,361500
Alexandra (Town),30.48192771,49.42263279,,,ALLANSFORD,310000
Alfredton (Catchment),26.11894543,36.62060302,,,ALPHINGTON,1080000
Alfredton (Suburb),42.05069124,33.50348028,,,ALTONA,572500
Allansford (Town),19.62616822,39.6039604,,,ALTONA EAST,561500
Alphington (Suburb),73.38850174,25.75272261,,,ALTONA MEADOWS,390000
Altona (Catchment),41.66666667,34.23019432,,,ALTONA NORTH,510000
Altona Meadows (Suburb),37.03948455,38.89636608,,,ANGLESEA,550000
Altona North (Catchment),40.52631579,43.56435644,,,APOLLO BAY,450000
Altona North (Suburb),39.48772679,53.02521008,,,ARARAT,180000
Altona (Suburb),43.13521931,38.7510008,,,ARDEER,330000
Apollo Bay (Catchment),38.15384615,50.50301811,,,ARMADALE,1675000
Apollo Bay (Town),33.93316195,53.09278351,,,ARMSTRONG CREEK,467500
Ararat (Catchment),30.43801039,51.03645461,,,ASCOT (GREATER BENDIGO),349500
Ararat (Town),24.5578575,52.56309148,,,ASCOT VALE,735000
Arcadia Downs (Town),46.21848739,17.10526316,,,ASHBURTON,1000000
Ardeer (Suburb),33.51206434,51.80995475,,,ASHWOOD,775000
Armadale (Suburb),72.89759421,21.53846154,,,ASPENDALE,620000
Arthurs Seat (Town),53.125,27.35042735,,,ASPENDALE GARDENS,586500
Ascot (Suburb),35.08064516,29.66507177,,,ATTWOOD,540000
Ascot Vale (Suburb),62.6125361,33.78264532,,,AVENEL,231000
Ashburton (Suburb),66.81402888,29.33848797,,,AVOCA,182500
Ashwood (Suburb),58.68740516,36.76470588,,,AVONDALE HEIGHTS,532500
Aspendale Gardens (Catchment),59.89010989,16.42651297,,,AVONSLEIGH,420000
Aspendale Gardens (Suburb),39.958159,29.05888828,,,AXEDALE,240000
Aspendale (Suburb),47.06094483,27.56349953,,,BACCHUS MARSH,335500
Attwood (Suburb),31.99617956,26.62921348,,,BADGER CREEK,315000
Avenel (Town),24,43.82022472,,,BAIRNSDALE,235000
Avoca (Town),23.43096234,70.08310249,,,BALACLAVA,860500
Avondale Heights (Suburb),44.60093897,44.33333333,,,BALCOMBE,710000
Avonsleigh (Suburb),24.66666667,38.13559322,,,BALLAN,352000
Axedale (Town),9.85915493,38.46153846,,,BALLARAT CENTRAL,322000
Bacchus Marsh (Catchment),31.52173913,34.6031746,,,BALLARAT EAST,265000
Bacchus Marsh (Town),28.34514381,39.58592133,,,BALLARAT NORTH,296000
Bairnsdale (Catchment),25.40453074,49.40536867,,,BALNARRING,525000
Bairnsdale (Town),24.51484018,54.53078165,,,BALNARRING BEACH,750000
Bakery Hill (Suburb),40.29850746,54.66666667,,,BALWYN,1530000
Balaclava (Catchment),69.36936937,26.5060241,,,BALWYN NORTH,1240000
Balaclava (Suburb),66.00479288,27.27682597,,,BANDIANA,339000
Ballan (Catchment),30.5785124,39.49275362,,,BANNOCKBURN,370000
Ballan (Town),26.60406886,47.79516358,,,BARANDUDA,345000
Ballarat Central (Catchment),42.34713255,49.24586589,,,BARWON HEADS,742500
Ballarat Central (Suburb),51.42241379,42.200489,,,BAXTER,330500
Ballarat East (Catchment),34.52948557,42.7795874,,,BAYSWATER,458500
Ballarat East (Suburb),38.44875346,51.3803681,,,BAYSWATER NORTH,468500
Ballarat North (Suburb),38.98788311,47.99183118,,,BEACONSFIELD,486500
Balmoral (Town),42,57.8313253,,,BEACONSFIELD UPPER,470000
Balnarring - Balnarring Beach (Catchment),31.8025617,33.66082871,,,BEAUFORT,186000
Balnarring - Balnarring Beach (Town),41.55005382,39.71223022,,,BEAUMARIS,1072000
Balwyn North (Suburb),67.61325967,28.48595646,,,BEECHWORTH,295000
Balwyn (Suburb),68.8023657,29.92388202,,,BELGRAVE,410000
Bangholme (Suburb),17.36842105,73.36814621,,,BELGRAVE HEIGHTS,430000
Bannockburn (Catchment),29.28637627,38.02412407,,,BELGRAVE SOUTH,548000
Bannockburn (Town),25.62189055,31.35080645,,,BELL PARK,314000
Baranduda (Town),33.22932917,22.46220302,,,BELL POST HILL,328000
Barnawartha (Town),18.90243902,41.25,,,BELLFIELD (BANYULE),516000
Batesford (Town),34.17266187,22.94117647,,,BENALLA,228000
Baxter (Catchment),31.14754098,34.31372549,,,BENDIGO,340000
Baxter (Suburb),18.56540084,38.5915493,,,BENTLEIGH,900000
Bayswater North (Suburb),31.03896104,35.28596187,,,BENTLEIGH EAST,750000
Bayswater (Suburb),34.86682809,39.21267894,,,BERWICK,453000
Beaconsfield (Catchment),32.12209302,20.07434944,,,BEVERIDGE,396000
Beaconsfield (Suburb),26.4781491,27.46305419,,,BIRCHIP,120000
Beaconsfield Upper (Catchment),44.78527607,20.12987013,,,BIRREGURRA,255000
Beaconsfield Upper (Town),34.45652174,20,,,BITTERN,402000
Beaufort (Catchment),27.43628186,59.57727873,,,BLACK HILL,283500
Beaufort (Town),15.15151515,68.7960688,,,BLACK ROCK,1237500
Beaumaris (Suburb),57.5934179,22.94881215,,,BLACKBURN,860500
Beeac (Town),12.5,68.75,,,BLACKBURN NORTH,692000
Beechworth (Catchment),42.62086514,41.94107452,,,BLACKBURN SOUTH,697500
Beechworth (Town),42.33576642,47.8515625,,,BLAIRGOWRIE,609000
Belgrave (Catchment),38.25,27.80058651,,,BLIND BIGHT,362500
Belgrave Heights (Suburb),35.92592593,29.6836983,,,BONBEACH,580000
Belgrave South (Suburb),30.1458671,25.89073634,,,BONNIE BROOK,-
Belgrave (Suburb),41.52046784,30.32520325,,,BONNIE DOON,250000
Bell Park (Catchment),25.33039648,50.16738403,,,BONSHAW,-
Bell Park (Suburb),23.86831276,49.88610478,,,BOOLARRA,196500
Bell Post Hill (Suburb),22.74914089,49.82497083,,,BOORT,157500
Bellbridge (Town),20.25316456,38.01652893,,,BORONIA,459500
Bellfield (Suburb),47.96460177,47.43589744,,,BOTANIC RIDGE,492000
Belmont (Catchment),27.39726027,48.19532909,,,BOX HILL,855000
Belmont (Suburb),39.23364486,44.32732848,,,BOX HILL NORTH,746000
Benalla (Catchment),30.82980012,46.51162791,,,BOX HILL SOUTH,785000
Benalla (Town),24.5143059,56.08793687,,,BRAYBROOK,424000
Bendigo (Catchment),42.23744292,40.04739336,,,BREAKWATER,255000
Bendigo (Suburb),47.67290126,44.57274827,,,BRIAGOLONG,226000
Bentleigh East (Suburb),51.50734593,34.21610169,,,BRIAR HILL,572500
Bentleigh (Suburb),58.74263261,31.19339907,,,BRIGHT,325000
Berwick (Catchment),32.77591973,25.10917031,,,BRIGHTON,1802500
Berwick (Suburb),36.6365437,29.60775405,,,BRIGHTON EAST,1230000
Bethanga (Town),20,48.57142857,,,BROADFORD,291000
Beulah (Town),,90.58823529,,,BROADMEADOWS,325000
Birchip (Catchment),24.87046632,57.2519084,,,BROOKFIELD,330000
Birchip (Town),33.33333333,59.437751,,,BROOKLYN,491500
Birregurra (Town),31.86813187,45.40540541,,,BROWN HILL,310000
Bittern (Suburb),22.50209908,35.87487781,,,BRUNSWICK,750000
Black Hill (Suburb),34.98559078,43.35122242,,,BRUNSWICK EAST,767000
Black Rock (Suburb),60.29357798,23.44449975,,,BRUNSWICK WEST,745000
Blackburn North (Suburb),55.13686456,36.39117265,,,BRUTHEN,198000
Blackburn South (Suburb),55.7723204,38.98305085,,,BULLEEN,780000
Blackburn (Suburb),61.50905767,28.61203221,,,BUNDALONG,337500
Blackwood (Town),41.59292035,58.87096774,,,BUNDOORA,530000
Blairgowrie (Suburb),32.68348624,44.91315136,,,BUNINYONG,348000
Blind Bight (Town),10.54054054,33.87096774,,,BUNYIP,332500
Bonbeach (Suburb),38.81782091,38.40909091,,,BURNLEY,836000
Boolarra (Town),25.42372881,53.60824742,,,BURNSIDE,390000
Boort (Town),30.58252427,60.53639847,,,BURNSIDE HEIGHTS,427000
Boronia (Catchment),31.95985209,28.43537415,,,BURWOOD,780000
Boronia (Suburb),32.14560369,37.06427015,,,BURWOOD EAST,685500
Botanic Ridge (Suburb),22.68370607,14.85943775,,,CAIRNLEA,480000
Box Hill North (Suburb),59.76916735,38.70281765,,,CALIFORNIA GULLY,252500
Box Hill South (Suburb),61.83947444,36.72600619,,,CAMBERWELL,1382000
Box Hill (Suburb),63.99082569,44.70018171,,,CAMPBELLFIELD,330000
Braybrook (Suburb),48.820059,61.46907216,,,CAMPBELLS CREEK,382000
Breakwater (Suburb),18.89534884,55.16431925,,,CAMPERDOWN,220000
Briagolong (Town),27.08333333,53.33333333,,,CANADIAN,322500
Briar Hill (Suburb),41.63512491,27.53888381,,,CANTERBURY,1950000
Bridgewater (Town),25,65.07936508,,,CAPE PATERSON,337000
Bright (Catchment),28.71198569,47.35234216,,,CAPE SCHANCK,620000
Bright (Town),34.29286608,54.125,,,CAPEL SOUND,350000
Brighton East (Suburb),63.12339698,25.79349136,,,CARDIGAN,177500
Brighton (Suburb),69.7130287,20.74738416,,,CARLTON,1002500
Broadford (Catchment),29.72399151,36.2244898,,,CARLTON NORTH,890500
Broadford (Town),17.60339343,48.00741427,,,CARNEGIE,865000
Broadmeadows (Catchment),33.03571429,60.48109966,,,CAROLINE SPRINGS,435000
Broadmeadows (Suburb),30.67292645,68.17339755,,,CARRUM,510000
Brooklyn (Suburb),40.19047619,41.3559322,,,CARRUM DOWNS,330000
Brunswick (Catchment),76.79558011,18.8034188,,,CASTERTON,97500
Brunswick East (Catchment),73.93162393,49.23857868,,,CASTLEMAINE,372500
Brunswick East (Suburb),73.002693,30.1992528,,,CAULFIELD,1172500
Brunswick (Suburb),72.21473116,31.19971178,,,CAULFIELD NORTH,1415000
Brunswick West (Suburb),65.34290271,33.59904344,,,CAULFIELD SOUTH,1050000
Bruthen (Town),21.34831461,57.9787234,,,CHADSTONE,719000
Bulla (Town),18.51851852,36,,,CHARLEMONT,-
Bulleen (Suburb),55.52734826,39.0454926,,,CHARLTON,120000
Buln Buln (Town),32.85714286,26.43678161,,,CHELSEA,577500
Bundalong (Town),35.2,35.57692308,,,CHELSEA HEIGHTS,465000
Bundoora (Suburb),48.10683256,41.05599149,,,CHELTENHAM,690000
Buninyong (Suburb),44.16517056,35.67383918,,,CHELTENHAM EAST,600000
Bunyip (Catchment),20.39473684,43.69811321,,,CHELTENHAM NORTH,583500
Bunyip (Town),19.8915009,42.45283019,,,CHILTERN,171500
Burnley (Suburb),76.74418605,18.03797468,,,CHIRNSIDE PARK,450000
Burnside Heights (Suburb),46.74957603,28.73646209,,,CHURCHILL,182000
Burnside (Suburb),36.32585204,42.78807413,,,CLARINDA,525000
Burwood East (Suburb),57.73219636,42.70928463,,,CLAYTON,645000
Burwood (Suburb),60.77328647,44.58000939,,,CLAYTON NORTH,630000
Bushfield - Woodford (Town),32.69230769,31.95266272,,,CLAYTON SOUTH,526500
Buxton (Town),29.7029703,53.65853659,,,CLIFTON HILL,867000
Cabarita (Town),31.90184049,40.57971014,,,CLIFTON SPRINGS,337500
Cairnlea (Suburb),48.78240377,35.77726218,,,CLUNES,219000
California Gully (Suburb),19.94274809,58.91783567,,,CLYDE,397000
Camberwell (Suburb),71.24924074,21.30370854,,,CLYDE NORTH,409000
Campbellfield (Suburb),31.2749004,65.40055249,,,COBBLEBANK,335500
Camperdown (Catchment),25.08710801,46.85430464,,,COBDEN,162500
Camperdown (Town),27.14285714,55.67665758,,,COBRAM,218000
Canadian (Suburb),39.73941368,41.52854512,,,COBURG,633000
Cann River (Town),17.64705882,70.27027027,,,COBURG EAST,560000
Cannons Creek (Town),20.76502732,36.97916667,,,COBURG NORTH,540000
Canterbury (Suburb),72.64296754,21.24005027,,,COCKATOO,355000
Cape Paterson (Town),29.2358804,41.05263158,,,COHUNA,139000
Cape Schanck (Town),47.05882353,25,,,COLAC,226500
Cape Woolamai (Catchment),31.49606299,47.09976798,,,COLDSTREAM,385000
Cape Woolamai (Town),28.88146912,41.98312236,,,COLERAINE,118000
Cardigan Village (Town),27.43902439,31.67701863,,,COLLINGWOOD,741000
Carisbrook (Town),18.98734177,62.6984127,,,CONNEWARRE,612500
Carlton (Catchment),83.14606742,18.18181818,,,COOLAROO,290000
Carlton North (Suburb),80.2831953,22.61499148,,,COONANS HILL,655000
Carlton (Suburb),78.78103837,56.26827485,,,COONGULLA,150000
Carnegie (Suburb),66.44550928,32.52396166,,,CORINELLA,330000
Caroline Springs (Suburb),47.04198473,25.8668516,,,CORIO,230000
Carrum Downs (Catchment),41.0041841,29.68630451,,,CORONET BAY,251000
Carrum Downs (Suburb),22.64117543,38.34274327,,,CORRYONG,166500
Carrum (Suburb),32.03007519,38.02919708,,,COWES,387500
Casterton (Catchment),26.25,52.25933202,,,COWES WEST,320000
Casterton (Town),22.61904762,65.15151515,,,CRAIGIEBURN,360000
Castlemaine (Catchment),39.40193492,50.86912065,,,CRANBOURNE,315000
Castlemaine (Town),44.40036619,54.37010247,,,CRANBOURNE EAST,390000
Caulfield East (Suburb),65.26655897,39.16849015,,,CRANBOURNE NORTH,370000
Caulfield North (Suburb),72.18387631,25.55735711,,,CRANBOURNE SOUTH,-
Caulfield South (Catchment),74.04255319,29.71428571,,,CRANBOURNE WEST,330000
Caulfield South (Suburb),64.66603951,27.95497186,,,CREMORNE,821000
Caulfield (Suburb),65.63285834,31.46729523,,,CRESWICK,245000
Chadstone (Suburb),55.20863729,40.16235021,,,CRIB POINT,355000
Charlton (Catchment),30.34734918,65.07115136,,,CROYDON,470000
Charlton (Town),20.4379562,63.56164384,,,CROYDON HILLS,571500
Chelsea Heights (Suburb),31.50026695,34.45738811,,,CROYDON NORTH,540500
Chelsea (Suburb),40.55994257,40.02097169,,,CROYDON SOUTH,442000
Cheltenham (Catchment),57.12383489,20.95032397,,,CURLEWIS,385500
Cheltenham (Suburb),47.15076923,36.54786862,,,DALLAS,280000
Chiltern (Catchment),29.75871314,39.06485671,,,DALYSTON,245000
Chiltern (Town),21.54696133,48.89434889,,,DANDENONG,405000
Chirnside Park (Catchment),40.80188679,21.13095238,,,DANDENONG NORTH,390000
Chirnside Park (Suburb),27.69180112,33.85093168,,,DANYO,54500
Churchill (Catchment),32.87560582,36.51911469,,,DARLEY,330500
Churchill (Town),30.1082544,51.13031915,,,DAYLESFORD,385000
Clarinda (Catchment),32.58426966,32.09876543,,,DEANSIDE,-
Clarinda (Suburb),44.77124183,44.12304867,,,DEEPDENE,1981000
Clayton (Catchment),65.98049837,43.98907104,,,DEER PARK,348000
Clayton South (Suburb),50,50.35102499,,,DELACOMBE,280000
Clayton (Suburb),64.31738266,52.97381269,,,DELAHEY,372500
Clematis (Suburb),36.98630137,22.85714286,,,DENNINGTON,320000
Clifton Hill (Suburb),77.91703969,18.30314585,,,DERRIMUT,417000
Clunes (Town),31.37755102,69.06614786,,,DIAMOND CREEK,513000
Clyde (Town),22.30215827,36.84210526,,,DIGGERS REST,280000
Cobden (Catchment),25.29673591,45.8677686,,,DIMBOOLA,89000
Cobden (Town),20.86720867,48.62888483,,,DINGLEY VILLAGE,553500
Cobram (Catchment),20.16985138,48.94204232,,,DINNER PLAIN,390000
Cobram (Town),20.7177814,57.03504043,,,DONALD,140000
Coburg North (Suburb),52.06185567,46.14670381,,,DONCASTER,850500
Coburg (Suburb),60.63979142,37.75974425,,,DONCASTER EAST,789000
Cockatoo (Catchment),32.02287348,34.99043977,,,DONNYBROOK,-
Cockatoo (Suburb),23.28660436,35.35714286,,,DONVALE,735000
Cohuna (Catchment),22.63242376,57.4686431,,,DOREEN,415000
Cohuna (Town),25.17162471,59.83026874,,,DOVETON,302000
Colac (Catchment),27.70651616,46.56110836,,,DROMANA,462000
Colac (Town),21.63705584,49.27464962,,,DROUIN,300000
Coldstream (Suburb),14.38721137,36.02362205,,,DRYSDALE,380000
Coleraine (Catchment),29.71014493,52.3138833,,,DUNOLLY,182500
Coleraine (Town),14.53744493,68.10810811,,,EAGLE POINT,227000
Collingwood (Suburb),67.98245614,38.01313629,,,EAGLEHAWK,264000
Coolaroo (Suburb),22.03389831,65.81691773,,,EAGLEMONT,1340000
Corinella (Town),22.6519337,59.04761905,,,EAST BAIRNSDALE,226000
Corio (Catchment),22.54901961,43.58974359,,,EAST BENDIGO,285000
Corio (Suburb),15.22826767,57.90232846,,,EAST GEELONG,450000
Coronet Bay (Town),17.47572816,69.77491961,,,EAST MELBOURNE,1790000
Corryong (Catchment),27.29357798,57.23140496,,,EAST WARBURTON,289500
Corryong (Town),22.35649547,67.40740741,,,EASTWOOD,335000
Cowes (Catchment),30.59313215,50.43263288,,,ECHUCA,285000
Cowes (Town),27.21733243,56.52173913,,,EDENHOPE,160000
Craigieburn (Catchment),27.90224033,25,,,EDITHVALE,615000
Craigieburn (Suburb),32.62070376,35.96907786,,,EILDON,210000
Cranbourne (Catchment),23.3295838,34.49877751,,,ELLIMINYT,332000
Cranbourne East (Suburb),28.62412394,35.2700491,,,ELMORE,184000
Cranbourne North (Catchment),23.85620915,39.42028986,,,ELSTERNWICK,1365000
Cranbourne North (Suburb),27.64482219,35.11577942,,,ELTHAM,631500
Cranbourne South (Suburb),18.75,39.39393939,,,ELTHAM NORTH,622000
Cranbourne (Suburb),21.6802168,44.46738943,,,ELWOOD,1350000
Cranbourne West (Catchment),45.74415132,19.17241379,,,EMERALD,440000
Cranbourne West (Suburb),21.00949094,41.51478331,,,ENDEAVOUR HILLS,400000
Cremorne (Suburb),72.7081138,13.60759494,,,EPPING,366500
Creswick (Catchment),33.17140874,54.58333333,,,EPSOM,322500
Creswick (Town),30.50458716,55.6039173,,,ESSENDON,870000
Crib Point (Suburb),15.26315789,43.12431243,,,ESSENDON NORTH,725000
Croydon (Catchment),42.92343387,22.16828479,,,ESSENDON WEST,720000
Croydon Hills (Suburb),41.98782961,23.31460674,,,EUMEMMERRING,353000
Croydon North (Catchment),41.40227184,19.20607122,,,EUREKA,243500
Croydon North (Suburb),38.18005181,28.60281195,,,EUROA,208000
Croydon South (Suburb),34.96218732,31.63129973,,,EYNESBURY,390500
Croydon (Suburb),35.88647819,38.34130409,,,FAIRFIELD,915000
Dales Creek (Town),25.82781457,31.62393162,,,FAWKNER,410000
Dallas (Suburb),28.88257576,71.51552039,,,FERNTREE GULLY,451000
Dalyston (Town),15.51724138,50.37593985,,,FERNY CREEK,497500
Dandenong (Catchment),21.05263158,52.89256198,,,FINGAL,677500
Dandenong North (Suburb),33.76483279,49.99225167,,,FITZROY,945000
Dandenong South (Suburb),21.05263158,52.89256198,,,FITZROY NORTH,976000
Dandenong (Suburb),37.90007241,59.09948773,,,FIVEWAYS,355000
Darnum (Town),27.27272727,37.38317757,,,FLEMINGTON,735500
Dartmoor (Town),13.55932203,59.375,,,FLINDERS,765000
Daylesford - Hepburn Springs (Catchment),43.47258486,49.05944319,,,FLORA HILL,310000
Daylesford - Hepburn Springs (Town),45.64516129,55.97867479,,,FLOWERDALE,292500
Deepdene (Suburb),68.7826087,23.95382395,,,FOOTSCRAY,600000
Deer Park (Catchment),27.60180995,46.39053254,,,FOREST HILL,650500
Deer Park (Suburb),37.11568237,47.23404255,,,FOSTER,298000
Delacombe (Suburb),24.11985019,47.72289929,,,FRANKSTON,350000
Delahey (Suburb),34.63927377,46.90265487,,,FRANKSTON NORTH,255000
Derrimut (Catchment),58.20895522,15,,,FRANKSTON SOUTH,535000
Derrimut (Suburb),48.97862233,25.7287706,,,FRASER RISE,455000
Derrinallum (Town),23.63636364,67.67676768,,,FYANSFORD,386500
Devon Meadows (Suburb),14.33962264,36.82008368,,,GARDEN CITY,1055000
Diamond Creek (Catchment),38.38028169,28.17460317,,,GARDENVALE,1150000
Diamond Creek (Suburb),38.35960704,22.86456642,,,GARFIELD,405000
Diggers Rest (Town),18.11320755,40.85470085,,,GEELONG,500000
Dimboola (Catchment),21.73913043,46.47887324,,,GEELONG WEST,440000
Dimboola (Town),23.82445141,61.61417323,,,GEMBROOK,344000
Dingley Village (Suburb),35.84408744,33.18264014,,,GISBORNE,496000
Dinner Plain (Town),49.23076923,21.42857143,,,GLADSTONE PARK,392500
Docklands (Suburb),72.69433465,19.03323263,,,GLEN HUNTLY,977500
Don Valley (Town),25.54744526,33.92857143,,,GLEN IRIS,1310000
Donald (Catchment),19.41747573,56.07476636,,,GLEN WAVERLEY,815000
Donald (Town),24.12790698,60.23391813,,,GLENGARRY,232500
Doncaster East (Suburb),55.76923077,36.59775546,,,GLENROWAN,230000
Doncaster (Suburb),58.8362069,37.61497499,,,GLENROY,454000
Donvale (Suburb),54.78243826,26.75213675,,,GOLDEN BEACH,169500
Dookie (Town),21.79487179,39.75903614,,,GOLDEN POINT (BALLARAT),265000
Doreen (Catchment),32.38095238,24.82269504,,,GOLDEN SQUARE,295000
Doreen (Suburb),31.00719424,19.62106615,,,GORDON,278500
Doveton (Catchment),18.48739496,54.74452555,,,GOUGHS BAY,257500
Doveton (Suburb),24.92227979,61.09567289,,,GOWANBRAE,620000
Dromana (Catchment),35.24634543,45.21791768,,,GRANTVILLE,215000
Dromana (Suburb),29.03981265,49.62325081,,,GREEN LAKE,262500
Drouin (Catchment),26.54387866,42.80742459,,,GREENSBOROUGH,534000
Drouin (Town),23.6503856,48.71875989,,,GREENVALE,550000
Drumcondra (Suburb),52.5,26.51162791,,,GROVEDALE,352000
Drysdale - Clifton Springs (Catchment),47.17514124,23.94366197,,,HADFIELD,461500
Drysdale - Clifton Springs (Town),25.86516278,45.0318295,,,HALLAM,362500
Dunkeld (Town),33.71428571,54.30107527,,,HALLS GAP,184500
Dunolly (Town),21.52777778,81.13879004,,,HAMILTON,192500
Eagle Point (Town),33.68055556,46.21513944,,,HAMLYN HEIGHTS,363500
Eaglehawk (Catchment),21.95037905,47.80813215,,,HAMPTON,1270000
Eaglehawk (Suburb),21.5498155,57.97687861,,,HAMPTON EAST,770000
Eaglemont (Suburb),71.26203751,20.06633499,,,HAMPTON PARK,330000
East Bendigo (Suburb),33.86897404,42.22488038,,,HARCOURT,309000
East Geelong (Catchment),36.21621622,59.68063872,,,HARKNESS,330000
East Geelong (Suburb),48.744892,35.06583507,,,HASTINGS,345000
East Melbourne (Suburb),78.99497487,13.18295739,,,HASTINGS WEST,280000
East Warburton (Town),30.43478261,54.81727575,,,HAWTHORN,1575000
Ebden (Town),6.428571429,52.17391304,,,HAWTHORN EAST,1247500
Echuca (Catchment),23.89380531,41.31799163,,,HEALESVILLE,385500
Echuca (Town),26.09383237,49.08045977,,,HEATHCOTE,227500
Edenhope (Catchment),24.37395659,49.16773367,,,HEATHCOTE JUNCTION,372500
Edenhope (Town),26.55367232,61.23188406,,,HEATHERTON,630000
Edithvale (Suburb),39.25527142,32.68625393,,,HEATHMONT,589000
Eildon (Town),19.8156682,64.49275362,,,HEIDELBERG,772500
Eldorado (Town),23.33333333,60,,,HEIDELBERG HEIGHTS,536000
Elmore (Catchment),22.03856749,48.60050891,,,HEIDELBERG WEST,425500
Elmore (Town),23.66863905,64.31226766,,,HEPBURN,291000
Elsternwick (Catchment),64.90765172,23.75415282,,,HEPBURN SPRINGS,340000
Elsternwick (Suburb),69.32038835,27.46129126,,,HERNE HILL,350000
Eltham North (Suburb),48.75084402,17.2008547,,,HEYFIELD,200000
Eltham (Suburb),51.02617672,22.75372863,,,HEYWOOD,142000
Elwood (Suburb),67.81595387,18.51255634,,,HIGHETT,750000
Emerald (Catchment),33.79694019,31.61033797,,,HIGHTON,477000
Emerald (Suburb),35.30673531,33.74164811,,,HILLSIDE (BRIMBANK),380000
Endeavour Hills (Catchment),39.11719939,25.4587156,,,HILLSIDE (MELTON),433500
Endeavour Hills (Suburb),38.04842963,39.18213457,,,HOPETOUN,88000
Enfield (Town),28.16901408,51.58730159,,,HOPPERS CROSSING,321500
Epping (Catchment),35.24904215,31.69811321,,,HORSHAM,215000
Epping (Suburb),35.41955836,38.6179402,,,HUGHESDALE,820000
Epsom (Suburb),30.23504274,34.97652582,,,HUNTINGDALE,659000
Essendon (Catchment),55.30629853,25.64383562,,,HUNTLY,337500
Essendon North (Suburb),49.66442953,32.45192308,,,HURSTBRIDGE,482000
Essendon (Suburb),58.57538869,27.02200186,,,INDENTED HEAD,390000
Essendon West (Suburb),52.92035398,33.04347826,,,INGLEWOOD,160000
Eumemmerring (Suburb),20.04662005,58.59766277,,,INVERLOCH,431000
Eureka (Suburb),38.81278539,31.91489362,,,INVERMAY PARK,378000
Euroa (Catchment),30.52450559,49.59785523,,,IRONBARK,277000
Euroa (Town),23,58.97196262,,,IRYMPLE,248000
Fairfield (Suburb),68.02987198,29.65357968,,,IVANHOE,1090000
Falls Creek (Town),34.23423423,,,,IVANHOE EAST,1310000
Fawkner (Suburb),41.77693762,58.93234672,,,JACANA,334000
Ferntree Gully (Catchment),36.49851632,17.18061674,,,JACKASS FLAT,287500
Ferntree Gully (Suburb),31.13456464,36.01879037,,,JAMIESON,205000
Ferny Creek (Suburb),49.03314917,27.01030928,,,JAN JUC,555000
Fish Creek (Town),20.28985507,65.67164179,,,JEERALANG NORTH,145500
Fitzroy North (Catchment),79.91631799,16.03053435,,,JEPARIT,80500
Fitzroy North (Suburb),77.3383553,27.67281106,,,JOLIMONT,2625000
Fitzroy (Suburb),74.96318115,32.34772324,,,JUNCTION VILLAGE,312000
Flemington (Suburb),67.5922901,43.62637363,,,JUNORTOUN,490000
Flinders (Town),51.05633803,27.31958763,,,KALIMNA,230000
Flora Hill (Suburb),40.9510291,50.23291925,,,KALKALLO,450000
Footscray (Suburb),63.56215213,44.31767338,,,KALLISTA,425000
Forest Hill (Suburb),53.808948,41.87289089,,,KALORAMA,442500
Foster (Catchment),31.67173252,51.64698571,,,KANGAROO FLAT,292500
Foster (Town),29.38005391,60.99773243,,,KANGAROO GROUND SOUTH,615000
Framlingham (Town),,100,,,KANIVA,75000
Frankston North (Suburb),14.87669053,60.46145779,,,KATUNGA,229000
Frankston South (Suburb),38.06183796,34.01733593,,,KEALBA,370000
Frankston (Suburb),27.91161322,45.95872066,,,KEILOR,572500
Gardenvale (Suburb),69.2,27.25,,,KEILOR DOWNS,403500
Garfield (Town),22.3495702,47.12643678,,,KEILOR EAST,560000
Geelong (Catchment),47.42990654,32.18390805,,,KEILOR LODGE,490000
Geelong (Suburb),51.82242991,31.87319885,,,KEILOR PARK,455000
Geelong West (Catchment),43.85176867,39.25792938,,,KENNINGTON,351500
Geelong West (Suburb),48.48380427,38.62940276,,,KENSINGTON,690000
Gembrook (Town),27.90697674,39.22261484,,,KERANG,152000
Girgarre (Town),,60.60606061,,,KEW,1751000
Gisborne (Catchment),39.22315308,23.36448598,,,KEW EAST,1210000
Gisborne (Town),38.85696041,28.83333333,,,KEW NORTH,1260000
Gladstone Park (Catchment),18.51851852,36,,,KEYSBOROUGH,435000
Gladstone Park (Suburb),30.12946253,42.27733935,,,KIALLA,360000
Glen Huntly (Catchment),63.16964286,34.04255319,,,KILCUNDA,375000
Glen Huntly (Suburb),68.25332795,34.80392157,,,KILLARA (WODONGA),351000
Glen Iris (Suburb),71.52217339,20.72646951,,,KILMORE,327500
Glen Waverley (Suburb),61.90559035,36.69862443,,,KILSYTH,435000
Glengarry (Town),19.38325991,28.27225131,,,KILSYTH SOUTH,542500
Glenrowan North (Town),41.33333333,40.4040404,,,KINGLAKE,330000
Glenrowan (Town),19.62616822,50.47619048,,,KINGS PARK,315000
Glenroy (Catchment),28.07017544,57.56097561,,,KINGSBURY,470000
Glenroy (Suburb),41.77558988,50.96908538,,,KINGSVILLE,635000
Golden Beach - Paradise Beach (Town),11.76470588,80.55555556,,,KNOXFIELD,500000
Golden Gully (Suburb),15.38461538,40.74074074,,,KOO WEE RUP,315000
Golden Point (Suburb),40.5904059,49.93954051,,,KOONDROOK,147500
Golden Square (Catchment),31.61716172,32.97697368,,,KOROIT,275000
Golden Square (Suburb),29.95239839,47.54208754,,,KORUMBURRA,236000
Goornong (Town),19.75308642,40.65934066,,,KURUNJANG,287000
Gordon (Town),21.70542636,44.85294118,,,KYABRAM,237000
Goroke (Town),32.69230769,66.31578947,,,KYNETON,369000
Gowanbrae (Suburb),42.578125,28.24074074,,,LAKE BOGA,200000
Grantville (Town),23.02158273,67.14975845,,,LAKE BUNGA,197500
Great Western (Town),22.22222222,50.70422535,,,LAKE GARDENS,445000
Greendale (Town),27.77777778,42.42424242,,,LAKE TYERS BEACH,270000
Greensborough (Catchment),41.79396788,22.1930745,,,LAKE WENDOUREE,634000
Greensborough (Suburb),44.20745921,29.26792224,,,LAKES ENTRANCE,269500
Greenvale (Catchment),34.69387755,26.92307692,,,LALOR,365000
Greenvale (Suburb),34.23603193,31.24354116,,,LANCEFIELD,377500
Grovedale (Catchment),35.32041729,29.99446597,,,LANG LANG,285000
Grovedale (Suburb),29.87063897,40.8644811,,,LANGWARRIN,385000
Guildford (Town),32.94117647,56.75675676,,,LARA,350000
Gunbower (Town),,68.93203883,,,LARA LAKE,363000
Hadfield (Suburb),33.64620939,52.24395857,,,LAUNCHING PLACE,330000
Hallam (Catchment),28.82011605,41.78947368,,,LAVERTON,325000
Hallam (Suburb),33.12541037,44.52935047,,,LAVERTON SOUTH,391500
Halls Gap (Town),33.05084746,50,,,LENEVA,361500
Hamilton (Catchment),30.21694215,45.58823529,,,LEONGATHA,300000
Hamilton (Town),30.61433447,48.47099171,,,LEOPOLD,360000
Hamlyn Heights (Catchment),32.98633702,43.0840503,,,LILYDALE,469000
Hamlyn Heights (Suburb),33.25526932,42.93502953,,,LINDENOW,200000
Hampton East (Suburb),55.61029009,39.86275733,,,LISMORE,110000
Hampton Park (Suburb),28.6884003,45.38568558,,,LOCH SPORT,166000
Hampton (Suburb),64.33272395,24.70191809,,,LONG GULLY,230000
Harcourt (Town),24.70588235,53.02013423,,,LONGWARRY,289500
Harkaway (Suburb),36.25,19.04761905,,,LORNE,840000
Harrietville (Town),31.95876289,46.37681159,,,LOVELY BANKS,360500
Hastings (Catchment),24.23335826,38.14159292,,,LOWER PLENTY,680500
Hastings (Suburb),14.86428264,55.33447684,,,LUCAS,348000
Hawthorn East (Suburb),73.68123321,22.6349137,,,LUCKNOW,235000
Hawthorn (Suburb),75.70425514,24.21855146,,,LYNBROOK,430000
Hazeldene (Town),17.91044776,56,,,LYNDHURST,465000
Hazelwood North (Town),31.2,29.62962963,,,LYSTERFIELD,681500
Healesville (Catchment),35.97835888,40.4494382,,,LYSTERFIELD SOUTH,931500
Healesville (Town),28.43319687,48.03525523,,,MACEDON,490000
Heathcote (Catchment),24.63002114,58.63821138,,,MACLEOD,647500
Heathcote (Town),15.96009975,67.11509716,,,MADDINGLEY,316500
Heatherton (Suburb),50.33301618,27.08058124,,,MAFFRA,229000
Heathmont (Suburb),45.21025131,29.98368679,,,MAIDEN GULLY,440000
Heidelberg Heights (Catchment),57.6,44.73684211,,,MAIDSTONE,535000
Heidelberg Heights (Suburb),55.88235294,40.60980999,,,MALDON,315000
Heidelberg (Suburb),65.41651641,28.10862315,,,MALLACOOTA,285000
Heidelberg West (Catchment),45.22727273,48.14814815,,,MALMSBURY,292500
Heidelberg West (Suburb),45.437382,61.5819209,,,MALVERN,1508500
Herne Hill (Suburb),31.41233766,44.60059172,,,MALVERN EAST,1200000
Heyfield (Catchment),26.448737,45.00745156,,,MAMBOURIN,-
Heyfield (Town),15.18624642,62.21374046,,,MANIFOLD HEIGHTS,532500
Heywood (Catchment),18.26086957,47.48538012,,,MANOR LAKES,340500
Heywood (Town),11.27272727,59.59183673,,,MANSFIELD,364000
Highett (Suburb),52.01129146,32.90358744,,,MARIBYRNONG,714000
Highton (Catchment),50,26.04588394,,,MARLO,295000
Highton (Suburb),47.06128134,32.39259392,,,MARONG,310000
Hillside (Catchment),16.66666667,45.40229885,,,MARSHALL,360000
Hillside (Suburb),34.33095192,30.06976744,,,MARYBOROUGH,194000
Hmas Cerberus (Suburb),12.93800539,12.65822785,,,MARYSVILLE,180000
Hopetoun (Catchment),19.20529801,60.99773243,,,MCCRAE,530000
Hopetoun Park (Town),27.04081633,21.19205298,,,MCKENZIE HILL,397000
Hopetoun (Town),30,50.73891626,,,MCKINNON,1025000
Hoppers Crossing (Catchment),48.76447876,32.02489229,,,MEADOW HEIGHTS,317000
Hoppers Crossing (Suburb),35.03452922,37.31438462,,,MELTON,245000
Horsham (Catchment),32.81919452,43.24082363,,,MELTON SOUTH,230000
Horsham (Town),28.40932969,46.92307692,,,MELTON WEST,285500
Hughesdale (Suburb),61.15702479,36.74067868,,,MENTONE,705000
Huntingdale (Suburb),59.32432432,36.49754501,,,MENZIES CREEK,515000
Huntly (Suburb),19.20903955,42.52873563,,,MERBEIN,140500
Hurstbridge (Catchment),42.14647628,26.34216178,,,MERINDA PARK,310000
Hurstbridge (Suburb),39.41368078,29.63855422,,,MERNDA,375000
Indented Head (Town),31.51862464,53.97260274,,,MERRIGUM,160500
Inglewood (Catchment),24.41520468,68.11740891,,,METUNG,337500
Inglewood (Town),14.28571429,68.13186813,,,MICKLEHAM,213000
Inverleigh (Town),25.35714286,47.93814433,,,MIDDLE PARK,1587500
Inverloch (Catchment),25.47368421,62.05357143,,,MILDURA,225500
Inverloch (Town),36.28013777,45.12345679,,,MILL PARK,408000
Invermay Park (Suburb),30.79315708,28.71621622,,,MILLGROVE,245000
Ironbark (Suburb),37.59398496,47.10144928,,,MINERS REST,330000
Ivanhoe East (Suburb),70.98189797,20.26431718,,,MINYIP,73500
Ivanhoe (Suburb),69.6541181,26.67015981,,,MIRBOO NORTH,265000
Jacana (Suburb),29.7188755,56.93548387,,,MITCHAM,650000
Jackass Flat (Suburb),29.67032967,42.26804124,,,MITCHELL PARK,267000
Jeparit (Town),25.42372881,81.95488722,,,MOE,155000
Junction Village (Suburb),15.51155116,54.83870968,,,MONBULK,395000
Junortoun (Suburb),42.63959391,22.50922509,,,MONT ALBERT,1316000
Kallista (Suburb),48.60724234,31.13402062,,,MONT ALBERT NORTH,995000
Kalorama (Suburb),46.86971235,26.31578947,,,MONTMORENCY,570000
Kangaroo Flat (Catchment),32.78350515,40.64837905,,,MONTROSE,445000
Kangaroo Flat (Suburb),23.02538787,49.67948718,,,MOONEE PONDS,830500
Kaniva (Town),25.47169811,60.6557377,,,MOORABBIN,682000
Katamatite (Town),15.78947368,54.87804878,,,MOOROOLBARK,440000
Katandra West (Town),22.05882353,40,,,MOOROOPNA,207500
Kealba (Suburb),36.03864734,40.08574491,,,MORDIALLOC,680000
Keilor (Catchment),39.26380368,46.09929078,,,MORNINGTON,525000
Keilor Downs (Catchment),35.27054108,39.56521739,,,MORTLAKE,129500
Keilor Downs (Suburb),34.00849396,42.07086343,,,MORWELL,160000
Keilor East (Catchment),29.82673267,44.98834499,,,MOUNT BEAUTY,180000
Keilor East (Suburb),39.95469989,40.30732861,,,MOUNT CLEAR,286000
Keilor Lodge (Suburb),40.79861111,29.43722944,,,MOUNT COTTRELL,-
Keilor North (Suburb),29.16666667,40,,,MOUNT DANDENONG,450000
Keilor Park (Suburb),29.82673267,44.98834499,,,MOUNT DUNEED,286000
Keilor (Suburb),41.07485605,29.39169983,,,MOUNT ELIZA,750000
Kennington (Catchment),42.16081366,39.63386728,,,MOUNT EVELYN,406000
Kennington (Suburb),44.22535211,42.52005663,,,MOUNT HELEN,344000
Kensington (Suburb),72.77103794,26.42541005,,,MOUNT MACEDON,662500
Kerang (Catchment),22.5,62.28373702,,,MOUNT MARTHA,730000
Kerang (Town),24.36489607,62.58660508,,,MOUNT PLEASANT,276500
Kew East (Suburb),70.18040325,25.74724698,,,MOUNT WAVERLEY,820000
Kew (Suburb),73.73576691,20.08780098,,,MULGRAVE,577500
Keysborough (Catchment),59.32721713,18.34862385,,,MURCHISON,186000
Keysborough (Suburb),39.66540745,43.00441826,,,MURRUMBEENA,870000
Kialla West (Town),29.23076923,35.18518519,,,MURTOA,95000
Kiewa (Town),31.72413793,25.25252525,,,MYRTLEFORD,220000
Kilcunda (Town),36.22047244,33.92857143,,,NAGAMBIE,312500
Kilmore (Catchment),28.68965517,39.6875,,,NARRE WARREN,370000
Kilmore (Town),27.66295707,41.63528779,,,NARRE WARREN NORTH,680000
Kilsyth (Catchment),26.69856459,24.78839178,,,NARRE WARREN SOUTH,410000
Kilsyth South (Suburb),26.69856459,24.78839178,,,NATHALIA,165000
Kilsyth (Suburb),24.46720177,40.83694084,,,NEERIM SOUTH,340000
Kinglake (Town),22.89473684,38.31168831,,,NERRINA,455000
Kinglake West (Town),24.26035503,35.42600897,,,NEW GISBORNE,500000
Kings Park (Suburb),30.58618688,56.97980685,,,NEWBOROUGH,213000
Kingsbury (Suburb),58.37755876,54.78489903,,,NEWCOMB,280000
Kingsville (Suburb),60.84690554,31.87869822,,,NEWINGTON,320000
Knoxfield (Suburb),38.69704521,34.44350759,,,NEWLANDS ARM,320000
Koo Wee Rup (Catchment),17.30013106,39.11483254,,,NEWPORT,695000
Koo Wee Rup (Town),13.9261745,44.33285509,,,NEWSTEAD,300000
Koondrook (Catchment),18.03278689,57.19178082,,,NEWTOWN (GREATER,570000
Koondrook (Town),17.98941799,63.33333333,,,NHILL,110000
Kooyong (Suburb),81.33971292,18.00766284,,,NICHOLS POINT,316500
Koroit (Catchment),29.11646586,36.6388309,,,NIDDRIE,700000
Koroit (Town),23.51694915,46.09053498,,,NOBLE PARK,400000
Korumburra (Catchment),28.57142857,44.30188679,,,NOBLE PARK NORTH,383000
Korumburra (Town),22.35897436,55.30864198,,,NORLANE,202500
Kyabram (Catchment),21.22229684,50.50867744,,,NORTH BENDIGO,271000
Kyabram (Town),24.55583756,56.88651794,,,NORTH GEELONG,272500
Kyneton (Catchment),38.60309494,40.07201646,,,NORTH MELBOURNE,802500
Kyneton (Town),34.57408733,49.77721197,,,NORTH WONTHAGGI,230000
Lake Boga (Town),23.52941176,59.12698413,,,NORTHCOTE,820000
Lake Bolac (Town),22.64150943,55.71428571,,,NOTTING HILL,566500
Lake Gardens (Suburb),52.21893491,30.94812165,,,NUMURKAH,195000
Lake Tyers Beach (Town),32.75862069,47.05882353,,,NUNAWADING,637500
Lake Wendouree (Suburb),57.91190865,29.73251029,,,NYAH WEST,94000
Lakes Entrance (Catchment),28.79746835,52.75537634,,,OAK PARK,576500
Lakes Entrance (Town),19.93006993,62.1686747,,,OAKLEIGH,753500
Lalor (Suburb),30.82508251,56.48273527,,,OAKLEIGH EAST,672000
Lancefield (Catchment),37.3540856,31.3253012,,,OAKLEIGH SOUTH,603000
Lancefield (Town),20.54794521,44.18052257,,,OCEAN GROVE,459000
Lang Lang (Catchment),17.45200698,47.63690923,,,OFFICER,346000
Lang Lang (Town),12.64367816,50.58823529,,,OFFICER SOUTH,-
Langwarrin (Catchment),21.92192192,34.50479233,,,OLINDA,496000
Langwarrin South (Suburb),30.54187192,32.33333333,,,OMEO,210000
Langwarrin (Suburb),23.23245849,32.42759033,,,ORBOST,156000
Lara (Catchment),29.07725322,31.8822023,,,ORMOND,997500
Lara (Town),29.60457856,34.34119279,,,OSBORNE,530000
Laverton (Catchment),58.05763074,22.85276074,,,OUYEN,75000
Laverton North (Suburb),,53.33333333,,,PAKENHAM,335000
Laverton (Suburb),38.51080865,52.10280374,,,PARADISE BEACH,163500
Learmonth (Town),32.14285714,56.30252101,,,PARK ORCHARDS,952500
Leitchville (Town),19.56521739,59.79381443,,,PARKDALE,760000
Leongatha (Catchment),30.56835637,45.36,,,PARKVILLE,1200000
Leongatha (Town),27.86683107,47.22381225,,,PASCOE VALE,580000
Leopold (Catchment),24.38271605,53.59477124,,,PASCOE VALE SOUTH,650500
Leopold (Town),25.30427399,37.78062861,,,PATTERSON GARDENS,615000
Lethbridge (Town),18.18181818,38.65030675,,,PATTERSON LAKES,647500
Lilydale (Catchment),18.90694239,34.66666667,,,PAYNESVILLE,283000
Lilydale (Suburb),27.88958148,36.04132901,,,PEARCEDALE,385000
Lindenow (Town),25.68807339,46.92307692,,,PENSHURST,144000
Linton (Town),21.00840336,68.88888889,,,PETERBOROUGH,287500
Lismore (Town),,71.77419355,,,PIONEER BAY,200000
Little River (Town),21.875,26.92307692,,,PLENTY,773000
Loch Sport (Town),14.54545455,82.19178082,,,POINT COOK,450000
Lockington (Town),16.47058824,66.91176471,,,POINT LONSDALE,700000
Long Gully (Catchment),27.49590835,45.59386973,,,POREPUNKAH,347000
Long Gully (Suburb),20.96969697,63.17539485,,,PORT ALBERT,262500
Longwarry (Town),12.5,50,,,PORT FAIRY,400000
Lorne (Catchment),35.25641026,52.5,,,PORT MELBOURNE,995000
Lorne (Town),46.51741294,47.6340694,,,PORTARLINGTON,390000
Lovely Banks (Suburb),24.92917847,40.78624079,,,PORTLAND,235000
Lower Plenty (Suburb),51.05740181,23.4557596,,,PORTLAND NORTH,300000
Lynbrook (Suburb),39.43731491,28.9334119,,,PORTSEA,1195000
Lyndhurst (Suburb),45.74415132,19.17241379,,,PRAHRAN,990000
Lysterfield South (Suburb),36.96969697,25.92592593,,,PRESTON,632500
Lysterfield (Suburb),37.22721438,19.74327628,,,PRINCES HILL,1216500
Macarthur (Town),26.66666667,65.16853933,,,PYRAMID HILL,112500
Macedon (Catchment),45.3038674,33.07086614,,,QUAMBATOOK,134000
Macedon (Town),51.21136174,29.74296206,,,QUARRY HILL,385000
Macleod (Suburb),55.74332599,32.00368211,,,QUEENSCLIFF,630000
Maffra (Catchment),25.23316062,43.70165746,,,RAINBOW,62000
Maffra (Town),22.57564003,52.53077975,,,RAYMOND ISLAND,297500
Magpie (Suburb),38.58267717,35.16483516,,,RED CLIFFS,163000
Maiden Gully (Suburb),29.93145468,24.87100103,,,RED HILL,515000
Maidstone (Suburb),54.93010956,43.64569961,,,REDAN,250000
Maldon (Catchment),31.03448276,54.27872861,,,RESEARCH,605500
Maldon (Town),37.73584906,58.96946565,,,RESERVOIR,510000
Mallacoota (Town),35.4679803,64.76190476,,,RHYLL,393000
Malmsbury (Town),43.10344828,46.52406417,,,RICHMOND,900000
Malvern East (Catchment),70.76023392,52.34375,,,RIDDELLS CREEK,450000
Malvern East (Suburb),68.37615729,27.67527675,,,RINGWOOD,552000
Malvern (Suburb),73.17023026,19.09971866,,,RINGWOOD EAST,547000
Manangatang (Town),39.3442623,58.82352941,,,RINGWOOD NORTH,630500
Manifold Heights (Suburb),47.42173112,37.5273523,,,RIPPLESIDE,575000
Mansfield (Catchment),32.20708447,44.94229464,,,RIPPONLEA,985000
Mansfield (Town),23.57343312,50.54249548,,,ROBINVALE,152500
Marengo (Town),35.64356436,37.33333333,,,ROCHESTER,189500
Maribyrnong (Suburb),58.98141776,29.03225806,,,ROCKBANK,309000
Marlo (Town),41.89944134,43.47826087,,,ROMSEY,387500
Marong (Town),22.12389381,44.44444444,,,ROSANNA,717500
Marshall (Suburb),31.43418468,45.39748954,,,ROSEBUD,367000
Maryborough (Catchment),22.54995243,65.96622889,,,ROSEBUD SOUTH,425000
Maryborough (Town),18.45655693,65.64285714,,,ROSEDALE,215000
Maryknoll (Town),28.43601896,33.10344828,,,ROWVILLE,570000
Marysville (Town),34.06593407,58.53658537,,,ROXBURGH PARK,365000
McCrae (Suburb),30.99297894,38.60045147,,,RUSHWORTH,161000
McKinnon (Suburb),61.24382208,27.51196172,,,RUTHERGLEN,232000
Meadow Heights (Suburb),29.95058913,65.55248619,,,RYE,425500
Meeniyan (Town),19.62025316,54.24836601,,,SAFETY BEACH,515000
Melbourne Airport (Suburb),47.5,43.75,,,SAILORS GULLY,253000
Melbourne (Suburb),76.17361657,35.88663968,,,SALE,290000
Melton (Catchment),28.98664572,29.65517241,,,SAN REMO,410000
Melton (Town),21.95732041,42.19102709,,,SANCTUARY LAKES,480000
Mentone (Suburb),50.01960784,31.49441341,,,SANDHURST,545000
Menzies Creek (Suburb),39.46360153,27.93296089,,,SANDRINGHAM,1210000
Merbein (Catchment),23.84020619,47.07317073,,,SANDY POINT,352500
Merbein (Town),11.69724771,63.83285303,,,SASSAFRAS,632500
Meredith (Town),22.5,48.46153846,,,SCORESBY,509000
Merino (Town),,70.83333333,,,SEA LAKE,80000
Mernda (Suburb),34.07407407,23.23733863,,,SEABROOK,422500
Merrigum (Town),14.14141414,57.53424658,,,SEAFORD,419500
Metung (Town),35.1981352,44.57478006,,,SEAHOLME,640000
Middle Park (Catchment),73.66071429,15.60693642,,,SEASPRAY,152000
Middle Park (Suburb),74.72677596,17.76271186,,,SEBASTOPOL,242000
Milawa (Town),22.82608696,36.58536585,,,SEDDON,675000
Mildura (Catchment),24.25295344,47.31543624,,,SELBY,420000
Mildura (Town),28.91608392,53.1504065,,,SEVILLE,400000
Mill Park (Suburb),36.66599272,36.59902029,,,SEVILLE EAST,339500
Millgrove (Town),17.71300448,57.98165138,,,SEYMOUR,220000
Miners Rest (Suburb),31.99554069,26.04456825,,,SHEPPARTON,247000
Minyip (Town),21.56862745,76.58227848,,,SHEPPARTON NORTH,346000
Mirboo North (Catchment),28.92018779,47.05882353,,,SHOREHAM,607000
Mirboo North (Town),30.63492063,50.1953125,,,SILVERLEAVES,508000
Mitcham (Suburb),55.00301386,31.30434783,,,SKIPTON,155000
Mitchell Park (Suburb),24.11764706,42,,,SKYE,395000
Moe - Newborough (Catchment),24.30254185,44.71710975,,,SMITHS BEACH,372500
Moe - Newborough (Town),16.25282167,58.45307788,,,SMYTHES CREEK,-
Monbulk (Catchment),44.98616874,33.17691225,,,SOLDIERS HILL,283000
Monbulk (Suburb),31.30520118,41.93181818,,,SOMERS,657500
Mont Albert North (Suburb),65.17558528,28.53717026,,,SOMERVILLE,385000
Mont Albert (Suburb),70.91194969,24.30254185,,,SORRENTO,770000
Montmorency (Catchment),52.54237288,27.7992278,,,SOUTH GEELONG,420500
Montmorency (Suburb),47.52302713,28.5853342,,,SOUTH KINGSVILLE,619500
Montrose (Catchment),48.75536481,29.3398533,,,SOUTH MELBOURNE,1030000
Montrose (Suburb),31.47169811,33.82352941,,,SOUTH MORANG,415000
Moolap (Suburb),21.76470588,41.7721519,,,SOUTH YARRA,1352500
Moonee Ponds (Suburb),62.87777032,27.67932489,,,SPOTSWOOD,680000
Moorabbin (Catchment),34.42622951,42.42424242,,,SPRING GULLY,345000
Moorabbin (Suburb),50.5726065,35.95567867,,,SPRINGVALE,451500
Mooroolbark (Suburb),30.3931848,33.81102362,,,SPRINGVALE SOUTH,430000
Mordialloc (Suburb),46.50205761,32.66842303,,,ST ALBANS,350000
Moriac (Town),32.43243243,21.46892655,,,ST ALBANS PARK,335000
Mornington (Catchment),35.18518519,31.03448276,,,ST ANDREWS BEACH,480000
Mornington (Suburb),33.24958124,41.88488142,,,ST ARNAUD,140000
Mortlake (Catchment),25.5259467,53.71900826,,,ST HELENA,612500
Mortlake (Town),18.21192053,60.33653846,,,ST KILDA,892000
Morwell (Catchment),23.59693878,32.25806452,,,ST KILDA EAST,1050500
Morwell (Town),18.59527922,59.47895792,,,ST KILDA WEST,1142500
Mount Beauty - Tawonga South (Catchment),29.61460446,48.27586207,,,ST LEONARDS                             ,350000
Mount Beauty - Tawonga South (Town),36.76680973,55.84415584,,,STANHOPE,150000
Mount Buller (Town),45.2173913,,,,STAWELL,162500
Mount Clear (Catchment),44.47797224,33.97260274,,,STRATFORD,230000
Mount Clear (Suburb),43.76731302,40.84084084,,,STRATHDALE,392500
Mount Dandenong (Suburb),50.69686411,32.21957041,,,STRATHFIELDSAYE,377000
Mount Egerton (Town),25.67567568,46.06741573,,,STRATHMERTON,166000
Mount Eliza (Suburb),49.12877757,25.10663048,,,STRATHMORE,827500
Mount Evelyn (Catchment),32.70440252,37.10691824,,,STRATHMORE HEIGHTS,621000
Mount Evelyn (Suburb),26.51428571,32.6971552,,,STRATHTULLOH,350000
Mount Helen (Suburb),44.49021627,30.22222222,,,STUDFIELD,532500
Mount Hotham (Town),26.86567164,,,,SUNBURY,355000
Mount Martha (Catchment),43.39622642,25.82781457,,,SUNDERLAND BAY,324500
Mount Martha (Suburb),37.69219059,31.17841196,,,SUNNYCLIFFS,195000
Mount Pleasant (Suburb),40.39548023,49.59785523,,,SUNSET STRIP,301500
Mount Waverley (Suburb),59.76035604,34.09262048,,,SUNSHINE,435000
Moyhu (Town),,62.5,,,SUNSHINE NORTH,400000
Mulgrave (Suburb),49.13344887,36.75259578,,,SUNSHINE WEST,384500
Murchison (Town),19.36936937,61.97718631,,,SURF BEACH,375000
Murrayville (Town),27.5862069,62.62626263,,,SURREY HILLS,1323000
Murrumbeena (Suburb),65.49329502,30.05344231,,,SWAN HILL,225000
Murtoa (Catchment),24.84076433,54.9689441,,,SYDENHAM,425000
Murtoa (Town),24.74226804,63.15789474,,,SYNDAL,950500
Myrniong (Town),18.75,26.98412698,,,TALLANGATTA,154000
Myrtleford (Catchment),30.91684435,48.13596491,,,TANGAMBALANGA,265000
Myrtleford (Town),20.67620286,62.23564955,,,TARNEIT,371000
Nagambie (Catchment),24.4111349,53.42465753,,,TATURA,230000
Nagambie (Town),20.72289157,52.23367698,,,TAWONGA SOUTH,219500
Nar Nar Goon (Town),15.82733813,38.84892086,,,TAYLORS HILL,487500
Narre Warren (Catchment),32.67909715,24.93036212,,,TAYLORS LAKES,490000
Narre Warren North (Suburb),34.08277976,23.75279226,,,TECOMA,415000
Narre Warren South (Suburb),32.65170775,30.69590086,,,TEMPLESTOWE,865000
Narre Warren (Suburb),28.66421569,38.69117455,,,TEMPLESTOWE LOWER,750000
Nathalia (Catchment),18.72427984,60.16,,,TERANG,161500
Nathalia (Town),23.8961039,59.74729242,,,THE BASIN,430000
Natimuk (Town),45.68965517,62.06896552,,,THE PATCH,393500
Neerim South (Catchment),30.7424594,46.73295455,,,THOMASTOWN,390000
Neerim South (Town),26.82926829,43.72294372,,,THOMSON (GREATER,282000
Nerrina (Suburb),45.22968198,22.39583333,,,THORNBURY,729000
Newcomb (Catchment),17.47772447,51.29940444,,,THORNHILL PARK,-
Newcomb (Suburb),21.16788321,54.9139367,,,TIMBOON,184000
Newhaven (Town),26.75159236,50.71428571,,,TONGALA,185000
Newington (Suburb),50.55401662,41.83514774,,,TOONGABBIE,234000
Newlands Arm (Town),22.48803828,49.18918919,,,TOORA,171500
Newport (Suburb),56.96030978,26.78300455,,,TOORADIN,420000
Newstead (Town),39.78494624,62.8440367,,,TOORAK,2875000
Newtown (Catchment),47.46835443,33.95522388,,,TOOTGAROOK,387000
Newtown (Suburb),52.88031977,31.73563561,,,TORQUAY,580000
Nhill (Catchment),25.08038585,50.0621118,,,TRAFALGAR,283000
Nhill (Town),30.81761006,52.30769231,,,TRARALGON,269000
Nichols Point (Town),40.28776978,25.74257426,,,TRARALGON EAST,435000
Niddrie (Catchment),51.05740181,35.72593801,,,TRENTHAM,407500
Niddrie (Suburb),46.53148346,32.0582878,,,TRUGANINA,360000
Nilma (Town),18.46153846,43.75,,,TULLAMARINE,395000
Noble Park North (Suburb),33.94318729,46.69527897,,,TYABB,370500
Noble Park (Suburb),38.95672792,53.61563518,,,UPPER FERNTREE GULLY,435000
Noorat (Town),38.59649123,51.11111111,,,UPWEY,425000
Norlane (Catchment),30.93167702,40.25806452,,,VENTNOR,370000
Norlane (Suburb),14.55653351,69.23335575,,,VENUS BAY,242500
North Bendigo (Catchment),30.96179183,41.21621622,,,VERMONT,610000
North Bendigo (Suburb),29.47976879,50.62730627,,,VERMONT SOUTH,722500
North Geelong (Suburb),36.52392947,49.66292135,,,VIEWBANK,630000
North Melbourne (Suburb),75.9805623,38.19845857,,,VIOLET TOWN,215000
North Shore (Suburb),37.31343284,40.55944056,,,WAHGUNYAH,190000
North Warrandyte (Suburb),56.92188708,17.2972973,,,WALLAN,341500
Northcote (Suburb),72.20371669,29.45138379,,,WALLAN EAST,310000
Notting Hill (Suburb),65.98049837,43.98907104,,,WANDANA HEIGHTS,540000
Numurkah (Catchment),20.3030303,50.45454545,,,WANDIN NORTH,407500
Numurkah (Town),22.78360343,59.06183369,,,WANDONG,397500
Nunawading (Suburb),54.55715205,36.00107788,,,WANGARATTA,240000
Nyah (Town),12.90322581,64.86486486,,,WANTIRNA,576000
Nyah West (Town),5.357142857,74.6835443,,,WANTIRNA SOUTH,579000
Nyora (Town),9.913793103,39.10891089,,,WARBURTON,310000
Oak Park (Suburb),48.4929078,34.92307692,,,WARRACKNABEAL,107500
Oakleigh East (Suburb),57.37970077,39.35617861,,,WARRAGUL,315000
Oakleigh South (Suburb),47.6344402,39.67201675,,,WARRANDYTE,640000
Oakleigh (Suburb),58.00893427,35.45950483,,,WARRANWOOD,605500
Ocean Grove - Barwon Heads (Catchment),43.78920954,30.9751434,,,WARRNAMBOOL,325000
Ocean Grove - Barwon Heads (Town),43.99301005,36.45892891,,,WATERWAYS,667000
Officer (Town),33.98058252,20.3271028,,,WATSONIA,505000
Olinda (Suburb),49.50331126,30.43478261,,,WATSONIA NORTH,510000
Omeo (Town),23.59550562,47.87234043,,,WATTLE GLEN,475000
Orbost (Catchment),33.07210031,60.3081438,,,WAURN PONDS,446500
Orbost (Town),20.80152672,67.43341404,,,WEDDERBURN,154000
Ormond (Suburb),66.23058054,29.93123417,,,WEIR VIEWS,327500
Ouyen (Catchment),32.45192308,51.93929174,,,WENDOUREE,243000
Ouyen (Town),23.29749104,52.36842105,,,WENDOUREE WEST,190000
Oxley (Town),30.71895425,42.85714286,,,WERRIBEE,309000
Pakenham (Catchment),24.9465812,34.60526316,,,WERRIBEE SOUTH,538000
Pakenham (Town),23.47758738,38.09569747,,,WESBURN,312500
Panton Hill (Town),42.35294118,25.35211268,,,WEST FOOTSCRAY,553000
Park Orchards (Suburb),52.72614622,18.11440678,,,WEST MELBOURNE,905000
Parkdale (Suburb),48.02021904,31.07518604,,,WEST WODONGA,272500
Parkville (Catchment),71.54811715,27.76978417,,,WESTALL,511500
Parkville (Suburb),80.42824944,26.36887608,,,WESTGARTH,920000
Pascoe Vale South (Suburb),52.05403915,34.11137046,,,WESTMEADOWS,386500
Pascoe Vale (Suburb),49.0060186,38.3992467,,,WHEELERS HILL,740000
Patterson Lakes (Suburb),33.51101635,30.94488189,,,WHITE HILLS,280000
Paynesville (Catchment),29.75391499,50.38167939,,,WHITTINGTON,259000
Paynesville (Town),28.36095764,58.79354291,,,WHITTLESEA,375000
Pearcedale (Suburb),20.5955335,32.13773314,,,WILLIAMS LANDING,470000
Penshurst (Town),18.51851852,59.41176471,,,WILLIAMSTOWN,920000
Peterborough (Town),,35.18518519,,,WILLIAMSTOWN NORTH,768000
Pioneer Bay (Town),16.88311688,59.09090909,,,WILLOW GROVE,235000
Plenty (Suburb),40.54054054,16.38418079,,,WIMBLEDON HEIGHTS,271500
Point Cook (Catchment),23.52941176,48.45360825,,,WINCHELSEA,287000
Point Cook (Suburb),56.8477939,20.25588646,,,WINDSOR,835000
Point Lonsdale - Queenscliff (Catchment),32.5,40,,,WINTER VALLEY,344500
Point Lonsdale - Queenscliff (Town),49.16943522,38.75262789,,,WODONGA,282500
Poowong (Town),17.28395062,50.4950495,,,WOLLERT,400000
Porepunkah (Town),24.09090909,51.96078431,,,WONGA PARK,674500
Port Albert (Town),17.39130435,64.42307692,,,WONTHAGGI,225000
Port Campbell (Town),40.4040404,38.35616438,,,WOODEND,470000
Port Fairy (Catchment),29.29515419,44.87471526,,,WOOLAMAI WATERS,349000
Port Fairy (Town),43.23827047,49.41860465,,,WOORI YALLOCK,330000
Port Melbourne (Suburb),67.21024259,22.39986537,,,WY YUNG,285000
Portarlington (Catchment),30.52434457,50.78740157,,,WYCHEPROOF,95000
Portarlington (Town),29.08117752,58.4627964,,,WYNDHAM VALE,288000
Portland (Catchment),26.86567164,36.1631753,,,YACKANDANDAH,327500
Violet Town (Town),19.82758621,58.51528384,,,YALLAMBIE,532500
Portsea (Suburb),60.0877193,16.42857143,,,YALLOURN NORTH,135000
Prahran (Suburb),69.96355202,24.48542024,,,YARRA GLEN,420000
Preston (Suburb),56.64796509,42.22921531,,,YARRA JUNCTION,406500
Princes Hill (Suburb),78.96551724,25.66489362,,,YARRAGON,258000
Pyalong (Town),18.4,55.72519084,,,YARRAM,190000
Pyramid Hill (Town),18.51851852,75.92592593,,,YARRAVILLE,696000
Quambatook (Town),14.58333333,72.09302326,,,YARRAWONGA,302500
Quarry Hill (Suburb),49.79253112,33.90452876,,,YEA,260000
Rainbow (Catchment),24.7706422,51.42857143,,,YINNAR,220000
Rainbow (Town),28.44827586,71.42857143,,,,
Rawson (Town),17.04545455,70.96774194,,,,
Raymond Island (Town),25.95744681,59.43396226,,,,
Red Cliffs (Catchment),25,48.61580014,,,,
Red Cliffs (Town),17.383821,62.29143493,,,,
Red Hill South (Town),52.30769231,38.1294964,,,,
Redan (Suburb),28.65853659,57.84,,,,
Research (Catchment),54.93741307,24.66063348,,,,
Research (Suburb),46.72048436,21.11111111,,,,
Reservoir (Suburb),44.52487497,48.55224248,,,,
Rhyll (Town),27.23214286,53.69458128,,,,
Richmond (Catchment),75.45454545,19.73684211,,,,
Richmond (Suburb),71.12716526,26.31128238,,,,
Riddells Creek (Catchment),37.04496788,31.17977528,,,,
Riddells Creek (Town),32.25,22.58426966,,,,
Ringwood East (Suburb),44.25244177,34.84096878,,,,
Wonga Park - South (Town),32.65306122,11.29032258,,,,
Ringwood North (Suburb),47.39646403,24.89711934,,,,
Ringwood (Suburb),45.55762659,38.32794143,,,,
Ripponlea (Suburb),64.70588235,27.45424293,,,,
Robinvale (Catchment),25.6097561,46.64179104,,,,
Robinvale (Town),32.51533742,58.31903945,,,,
Rochester (Catchment),22.69129288,48.17073171,,,,
Rochester (Town),23.14674735,52.22457627,,,,
Rockbank (Town),11.95652174,41.05263158,,,,
Romsey (Catchment),40.94339623,24.69135802,,,,
Romsey (Town),24.15458937,35.77235772,,,,
Rosanna (Catchment),48.94514768,25.13368984,,,,
Rosanna (Suburb),58.65860363,31.18161926,,,,
Rosebud (Catchment),42.03036053,33.76068376,,,,
Rosebud (Suburb),19.56466069,58.7391946,,,,
Rosebud West (Catchment),18.29787234,57.55053508,,,,
Rosebud West (Suburb),19.01234568,63.52481874,,,,
Rosedale (Catchment),22.26890756,41.66666667,,,,
Rosedale (Town),8.059701493,58.62944162,,,,
Rowville (Catchment),37.28578045,20.80315997,,,,
Rowville (Suburb),41.8501171,27.76609171,,,,
Roxburgh Park (Suburb),38.0303707,49.07807876,,,,
Rupanyup (Town),22.34042553,64.49275362,,,,
Rushworth (Catchment),26.10169492,56.89655172,,,,
Rushworth (Town),22.89719626,68.88888889,,,,
Rutherglen (Catchment),37.0212766,38.42592593,,,,
Rutherglen (Town),28.71148459,47.48677249,,,,
Rye (Catchment),33.33333333,37.92325056,,,,
Rye (Suburb),26.90284111,52.45843651,,,,
Safety Beach (Suburb),26.56921754,48.85883347,,,,
Sailors Gully (Suburb),26.43171806,44.96124031,,,,
Sale (Catchment),24.26150121,51.2692882,,,,
Sale (Town),30.18070875,46.57351963,,,,
San Remo (Catchment),21.86234818,57.07964602,,,,
San Remo (Town),29.95283019,49.86449864,,,,
Sandhurst (Suburb),43.65443425,12.39669421,,,,
Sandringham (Suburb),62.87773129,23.99081063,,,,
Sandy Point (Town),56.71641791,49.18032787,,,,
Sassafras (Suburb),51.16696589,23.14049587,,,,
Sawmill Settlement (Town),38.31775701,40.84507042,,,,
Scoresby (Suburb),40.51686378,31.27128263,,,,
Sea Lake (Catchment),26.05633803,53.06122449,,,,
Sea Lake (Town),28.76712329,61.84210526,,,,
Seabrook (Catchment),58.38852097,22.18487395,,,,
Seabrook (Suburb),40.77017115,32.82442748,,,,
Seaford (Suburb),30.35395066,42.69775187,,,,
Seaholme (Suburb),41.66666667,34.23019432,,,,
Sebastopol (Catchment),27.00711382,48.35534836,,,,
Sebastopol (Suburb),20.58005562,58.44535359,,,,
Seddon (Catchment),65,21.3836478,,,,
Seddon (Suburb),65.3929657,28.04054054,,,,
Selby (Suburb),39.37592868,27.94117647,,,,
Seville East (Town),17.74891775,35.02538071,,,,
Seymour (Catchment),28.96935933,35.69661995,,,,
Seymour (Town),21.9895288,54.39847836,,,,
Shepparton East (Town),20.75471698,27.11864407,,,,
Shepparton - Mooroopna (Catchment),30.79130791,40.45738046,,,,
Shepparton - Mooroopna (Town),30.11648669,48.10153736,,,,
Sherbrooke (Suburb),60.44776119,27.77777778,,,,
Shoreham (Town),59.09090909,20.16129032,,,,
Skye (Suburb),22.73116438,31.20335821,,,,
Smiths Beach (Town),42.55319149,45.07042254,,,,
Smythesdale (Town),24.82758621,51.51515152,,,,
Snake Valley (Town),18.05555556,51.37614679,,,,
Soldiers Hill (Suburb),53.07497894,40.38277512,,,,
Somers (Suburb),45.2681388,29.46236559,,,,
Somerville (Catchment),24,33.19327731,,,,
Somerville (Suburb),22.67806268,35.38169148,,,,
Sorrento (Catchment),60.0877193,16.42857143,,,,
Sorrento (Suburb),46.49776453,41.37254902,,,,
South Kingsville (Suburb),50.12820513,31.53526971,,,,
South Melbourne (Suburb),72.32939224,29.77602108,,,,
South Morang (Catchment),33.46109621,23.63721805,,,,
South Morang (Suburb),35.0501771,29.40156114,,,,
South Wharf (Suburb),53.65853659,,,,,
South Yarra (Suburb),74.95278352,20.72613609,,,,
Southbank (Suburb),76.52263678,21.04810997,,,,
Spotswood (Suburb),48.11507937,31.96239718,,,,
Spring Gully (Suburb),42.43197279,43.77289377,,,,
Springvale South (Suburb),37.54385965,53.7747154,,,,
Springvale (Suburb),43.26070901,59.89519651,,,,
St Albans (Catchment),35.65683646,38.25301205,,,,
St Albans (Suburb),35.90367307,58.65096787,,,,
St Andrews Beach (Suburb),36.18233618,35.13513514,,,,
St Andrews (Town),31.46067416,34.48275862,,,,
St Arnaud (Catchment),24.05271829,59.91058122,,,,
St Arnaud (Town),19.63302752,62.39419589,,,,
St Helena (Catchment),48.33633094,17.39745403,,,,
St Helena (Suburb),39.70722781,29.87012987,,,,
St Kilda (Catchment),70.60041408,15.81081081,,,,
St Kilda East (Catchment),61.23595506,40.42553191,,,,
St Kilda East (Suburb),66.5564478,25.36976171,,,,
St Kilda (Suburb),66.30434783,22.26245474,,,,
St Kilda West (Suburb),71.85592186,15.72676728,,,,
Stanhope (Town),10,64.70588235,,,,
Stawell (Catchment),27.21088435,41.29411765,,,,
Stawell (Town),21.41909814,54.70725995,,,,
Stratford (Town),18.73840445,47.87234043,,,,
Strathdale (Catchment),38.15090329,30.82706767,,,,
Strathdale (Suburb),41.26006632,37.39878543,,,,
Strathfieldsaye (Suburb),42.3572744,27.39383847,,,,
Strathmerton (Town),21.34831461,47.61904762,,,,
Strathmore Heights (Suburb),36.48293963,28.42809365,,,,
Strathmore (Suburb),53.71046229,27.15535194,,,,
Sunbury (Catchment),25.40453074,36.19469027,,,,
Sunbury (Town),28.06759099,31.84390244,,,,
Sunset Strip (Town),20.45454545,55.75221239,,,,
Sunshine (Catchment),40.63926941,55.24861878,,,,
Sunshine North (Suburb),41.01809003,57.50251762,,,,
Sunshine (Suburb),44.62809917,50.4577078,,,,
Sunshine West (Suburb),37.92141952,54.90566038,,,,
Surf Beach - Sunderland Bay (Town),32.54237288,46,,,,
Surrey Hills (Suburb),69.91944064,21.65048544,,,,
Swan Hill (Catchment),20.22016222,54.41176471,,,,
Swan Hill (Town),27.47368421,50.34742328,,,,
Sydenham (Suburb),39.72326319,33.3917309,,,,
Talbot (Town),22.53521127,66.32653061,,,,
Tallangatta (Catchment),25.63652327,40.8142999,,,,
Tallangatta (Town),20.59701493,56.39534884,,,,
Tallarook (Town),12.12121212,37.14285714,,,,
Tallygaroopna (Town),17.04545455,44.11764706,,,,
Tangambalanga (Town),12.97709924,43.93939394,,,,
Tarneit (Catchment),21.12676056,40.65420561,,,,
Tarneit (Suburb),44.12460568,27.89586423,,,,
Tatura (Catchment),28.20267686,48.85635865,,,,
Tatura (Town),32.16715258,47.05882353,,,,
Tawonga (Town),32.57575758,48.27586207,,,,
Taylors Hill (Catchment),46.74957603,28.73646209,,,,
Taylors Hill (Suburb),41.72642762,29.46486138,,,,
Taylors Lakes (Catchment),38.12080537,31.06312292,,,,
Taylors Lakes (Suburb),39.53978907,31.78976615,,,,
Tecoma (Suburb),40.76212471,32.93768546,,,,
Teesdale (Town),28.27324478,37.79342723,,,,
Templestowe Lower (Suburb),55.77408878,32.55319149,,,,
Templestowe (Suburb),59.31681366,27.70571975,,,,
Terang (Catchment),28.79499218,38.66459627,,,,
Terang (Town),25.30612245,57.20399429,,,,
The Basin (Suburb),29.58003652,29.44317315,,,,
The Patch (Suburb),46.07438017,28.78787879,,,,
Thomastown (Suburb),33.94929093,58.79313219,,,,
Thomson (Suburb),33.13253012,58.58433735,,,,
Thornbury (Suburb),63.99692938,35.05250154,,,,
Timboon (Town),25,45.62737643,,,,
Tongala (Catchment),21.40762463,46.53179191,,,,
Tongala (Town),15.67944251,56.51162791,,,,
Toolamba (Town),32.03883495,22.78481013,,,,
Toongabbie (Town),18.30065359,39.33333333,,,,
Toora (Town),21.81818182,73.33333333,,,,
Tooradin (Town),14.48275862,38.79598662,,,,
Toorak (Catchment),80.02980626,17.41176471,,,,
Toorak (Suburb),73.92080976,18.69547154,,,,
Tootgarook (Suburb),19.20103093,56.53594771,,,,
Torquay - Jan Juc (Catchment),43.63021421,33.27841845,,,,
Torquay - Jan Juc (Town),45.71767095,29.7815534,,,,
Trafalgar (Catchment),28.41015992,45.55433589,,,,
Trafalgar (Town),28.86699507,44.14587332,,,,
Traralgon (Catchment),25.78380908,33.29512894,,,,
Traralgon East (Town),28.38709677,37.3015873,,,,
Traralgon South (Town),34.75935829,22.03389831,,,,
Traralgon (Town),29.23076923,39.46771691,,,,
Travancore (Suburb),71.54811715,27.76978417,,,,
Trentham (Town),40.35714286,49.41634241,,,,
Truganina (Suburb),50.11844332,30.90128755,,,,
Tullamarine (Catchment),43.11073542,24.10313901,,,,
Tullamarine (Suburb),29.67301122,40.3030303,,,,
Tungamah (Town),,73.58490566,,,,
Tyabb (Suburb),22.44525547,35.53191489,,,,
Tyers (Town),25.75757576,27.53623188,,,,
Tylden (Town),23.97260274,44.71544715,,,,
Tynong (Town),20.19230769,44.30379747,,,,
Underbool (Town),33.33333333,45.45454545,,,,
Upper Ferntree Gully (Suburb),31.98090692,30.3030303,,,,
Upwey (Catchment),45.4359673,29.93512512,,,,
Upwey (Suburb),39.42603348,27.99254774,,,,
Ventnor (Town),34.96240602,50.89285714,,,,
Venus Bay (Town),23.1092437,71.95121951,,,,
Vermont South (Suburb),53.98810744,30.68181818,,,,
Vermont (Suburb),50.78325929,31.87311178,,,,
Viewbank (Catchment),43.43936382,27.50316857,,,,
Viewbank (Suburb),54.494184,31.20868744,,,,
Violet Town (Town),19.82758621,58.51528384,,,,
Wahgunyah (Town),19.27710843,45.04792332,,,,
Wallan (Catchment),28.25229961,30.29850746,,,,
Wallan (Town),22.67641997,33.85214008,,,,
Wandana Heights (Suburb),50.28441411,25.45787546,,,,
Wandiligong (Town),31.25,48.62385321,,,,
Wandin North (Catchment),21.5407629,35.38732394,,,,
Wandin North (Suburb),21.93211488,37.5,,,,
Wandong - Heathcote Junction (Catchment),22.90076336,35.68075117,,,,
Wandong - Heathcote Junction (Town),20.72727273,33.33333333,,,,
Wangaratta (Catchment),32.15607131,44.27860697,,,,
Wangaratta (Town),27.70294867,51.09898675,,,,
Wantirna South (Suburb),50.30338053,36.21558744,,,,
Wantirna (Suburb),43.87755102,30.68550255,,,,
Warburton (Catchment),23.21867322,58.19672131,,,,
Warburton (Town),33.69418133,56.05633803,,,,
Warneet (Town),20,38.58695652,,,,
Warracknabeal (Catchment),24.24942263,60.78098472,,,,
Warracknabeal (Town),20.84745763,58.82352941,,,,
Warragul (Catchment),30.64615385,35.5377907,,,,
Warragul (Town),34.09237379,44.3457539,,,,
Warrandyte (Catchment),53.96182765,18.24596774,,,,
Warrandyte South (Suburb),49.46236559,14.81481481,,,,
Warrandyte (Suburb),52.50106883,21.37457045,,,,
Warranwood (Suburb),44.61859979,19.02478018,,,,
Warrnambool (Catchment),27.41935484,35.87553386,,,,
Warrnambool (Town),33.46930237,45.38148626,,,,
Waterford Park (Town),,30.88235294,,,,
Waterways (Suburb),59.6792669,17.16814159,,,,
Watsonia (Catchment),39.43342776,29.04214559,,,,
Watsonia North (Suburb),40.77025232,29.58333333,,,,
Watsonia (Suburb),40.23904382,39.90228013,,,,
Wattle Glen (Suburb),32.43243243,25.23584906,,,,
Waurn Ponds (Suburb),37.35207101,23.5619469,,,,
Wedderburn (Town),22.75862069,75.43859649,,,,
Wendouree (Catchment),37.12768414,34.64751958,,,,
Wendouree (Suburb),25.94285714,60.97374458,,,,
Werribee (Catchment),26.07913669,42.34693878,,,,
Werribee South (Town),25.35211268,44.68085106,,,,
Werribee (Suburb),30.90925079,41.6861631,,,,
West Bendigo (Suburb),17.59259259,39.51612903,,,,
West Footscray (Catchment),52.47524752,37.5,,,,
West Footscray (Suburb),55.09360564,41.1452514,,,,
West Melbourne (Suburb),73.07280514,26.02291326,,,,
Westmeadows (Catchment),31.39130435,29.1913215,,,,
Westmeadows (Suburb),26.25298329,36.55793026,,,,
Wheelers Hill (Suburb),56.47605083,31.18521078,,,,
White Hills (Suburb),26.37867647,45.12957998,,,,
Whittington (Suburb),17.12403952,60.26722925,,,,
Whittlesea (Catchment),26.6175697,33.09196235,,,,
Whittlesea (Town),19.50819672,39.10891089,,,,
Willaura (Town),33.82352941,77.98165138,,,,
Williams Landing (Suburb),58.32196453,21.43600416,,,,
Williamstown (Catchment),45.04950495,38.55218855,,,,
Williamstown North (Suburb),45.04950495,38.55218855,,,,
Williamstown (Suburb),61.19809394,26.69529837,,,,
Willow Grove (Town),37.14285714,47.2972973,,,,
Wimbledon Heights (Town),25.87412587,49.23076923,,,,
Winchelsea (Catchment),34.3387471,39.6656535,,,,
Winchelsea (Town),24.58333333,52.70018622,,,,
Windsor (Suburb),68.03702695,26.37205987,,,,
Wodonga (Catchment),34.52461227,32.94573643,,,,
Wodonga (Town),24.86742424,43.19602795,,,,
Wonga Park - South (Town),32.65306122,11.29032258,,,,
Wonga Park (Suburb),41.41791045,13.66906475,,,,
Wonthaggi (Catchment),30.76923077,39.52830189,,,,
Wonthaggi (Town),21.09181141,58.56332703,,,,
Woodend (Catchment),47.43202417,23.62637363,,,,
Woodend (Town),47.49240122,40.12738854,,,,
Woolsthorpe (Town),17.24137931,44,,,,
Woomelang (Town),23.21428571,67.08860759,,,,
Woori Yallock - Launching Place (Catchment),22.38209432,34.70648816,,,,
Woori Yallock - Launching Place (Town),15.93655589,45.2681388,,,,
Woorinen South (Town),8.695652174,64.70588235,,,,
Wunghnu (Town),13.63636364,58.75,,,,
Wurruk (Town),24.41860465,44,,,,
Wycheproof (Town),25.78125,74.46808511,,,,
Wyndham Vale (Catchment),37.28813559,12,,,,
Wyndham Vale (Suburb),30.80703081,33.80254531,,,,
Yackandandah (Town),44.69135802,41.27516779,,,,
Yallambie (Suburb),42.15134459,26.38408304,,,,
Violet Town (Town),19.82758621,58.51528384,,,,
Yarra Glen (Catchment),35.09852217,34.3537415,,,,
Yarra Glen (Town),27.61394102,37.73006135,,,,
Yarra Junction - Wesburn (Catchment),25.76142132,48.29329962,,,,
Yarra Junction - Wesburn (Town),21.40468227,50.17921147,,,,
Yarragon (Town),24.34782609,51.43678161,,,,
Yarram (Catchment),20.62222222,53.69799692,,,,
Yarram (Town),24.64358452,63.71681416,,,,
Yarrambat (Suburb),29.56521739,19.64285714,,,,
Yarraville (Catchment),54.84619849,32.28643216,,,,
Yarraville (Suburb),59.64425587,29.20913168,,,,
Yarrawonga (Catchment),25.26158445,51.45348837,,,,
Yarrawonga (Town),23.4375,53.56988317,,,,
Yea (Catchment),32.61146497,50.26737968,,,,
Yea (Town),28.65853659,58.53080569,,,,
Yinnar (Town),28.42639594,44.84536082,,,,
